Age,FrequentFlyer,AnnualIncomeClass,ServicesOpted,AccountSyncedToSocialMedia,BookedHotelOrNot,Target
37,No Record,Middle Income,5,No,No Record,0
30,No Record,Middle Income,5,No,No,0
29,No Record,Low Income,2,Yes,Yes,0
34,No Record,Middle Income,2,No,No,0
36,No Record,Middle Income,6,No,No,0
36,No Record,Low Income,2,No,No,0
36,No Record,Middle Income,2,No,Yes,0
37,No Record,Low Income,1,Yes,Yes,0
28,No Record,Middle Income,3,No,No,0
32,No Record,Low Income,4,No,No,0
30,No Record,Middle Income,5,No,Yes,0
33,Yes,Low Income,1,Yes,No,0
31,No Record,Low Income,1,No,No,0
29,Yes,Middle Income,1,Yes,No,0
38,No Record,Middle Income,1,No,Yes,0
37,No Record,Low Income,1,No,Yes,0
30,No Record,Low Income,1,No,Yes,0
27,No,Low Income,2,No,No,0
34,No Record,Middle Income,2,Yes,Yes,0
30,Yes,High Income,1,No,No,0
30,No Record,Middle Income,2,No,Yes,0
30,No Record,Middle Income,4,No,Yes,0
37,No Record,Low Income,5,No,No,0
32,No Record,Low Income,2,No,No,0
31,No Record,Low Income,1,No,No Record,0
27,No Record,High Income,1,Yes,No,0
28,No Record,Middle Income,4,Yes,No,1
30,No Record,Middle Income,1,No,Yes,0
37,No Record,Middle Income,4,Yes,No,0
37,No Record,Low Income,1,No,No,0
29,Yes,Middle Income,5,No,No,0
34,No Record,Middle Income,1,No,No,0
29,No Record,Middle Income,2,Yes,No,0
34,No Record,Middle Income,4,Yes,Yes,0
34,No,Middle Income,3,Yes,No,0
38,No Record,Low Income,2,Yes,No,0
27,No Record,Middle Income,4,Yes,No,0
27,No Record,Middle Income,3,No,No,1
31,No Record,Low Income,2,No,Yes,1
37,No Record,Low Income,2,Yes,No,0
37,No Record,Low Income,2,Yes,Yes,0
36,No Record,Middle Income,3,No,No,0
31,No Record,Middle Income,4,Yes,No,0
29,No Record,Middle Income,5,No,No,0
30,No Record,Middle Income,3,No,No,0
38,No Record,Middle Income,1,Yes,No,0
28,No Record,Middle Income,4,Yes,No,0
29,No Record,Middle Income,4,Yes,No,0
30,Yes,Middle Income,3,No,No,0
31,No Record,Low Income,1,No,No,0
37,No Record,Middle Income,1,No,No,0
34,Yes,Low Income,1,No,No,0
36,No Record,Middle Income,2,Yes,No,0
36,No Record,Middle Income,2,No,Yes,0
29,No Record,Middle Income,1,No,Yes,0
28,No Record,Middle Income,5,No,No,0
35,Yes,Middle Income,1,No,No,0
27,No Record,Middle Income,6,No,Yes,0
30,No Record,Middle Income,3,Yes,No,0
30,Yes,Middle Income,1,Yes,No,0
34,No Record,Middle Income,1,No,No,0
35,No Record,Middle Income,1,No,Yes,0
31,No Record,Middle Income,4,Yes,No Record,0
31,Yes,Low Income,1,No,No,0
34,No Record,Middle Income,1,No,No,0
31,No Record,Low Income,1,Yes,No,0
28,No Record,Middle Income,4,No Record,No,0
30,No Record,Low Income,1,Yes,No,1
30,No Record,Low Income,4,No,Yes,0
27,No,Middle Income,2,No,No,0
37,No Record,Middle Income,2,No,No,0
30,No Record,Low Income,1,No,No,0
35,No Record,Middle Income,3,Yes,Yes,0
27,No Record,Middle Income,3,Yes,No,0
30,Yes,Middle Income,1,No,No,0
31,No Record,Middle Income,1,No,No,0
27,Yes,Middle Income,1,No,No,0
34,No Record,Middle Income,4,No,No,0
28,No Record,Middle Income,5,No,No,0
28,Yes,Low Income,2,No,Yes,0
27,No Record,Middle Income,3,Yes,No,0
35,Yes,Middle Income,3,No,Yes,0
30,No Record,Middle Income,4,No,No,0
36,No Record,Middle Income,5,No Record,No,0
29,No Record,Low Income,1,No,Yes,0
30,No,Middle Income,2,No,No,0
30,Yes,Middle Income,3,No,No,0
30,No Record,Low Income,4,No,No,0
34,No Record,Middle Income,5,Yes,No,0
29,No Record,High Income,4,No,No,0
30,No Record,Low Income,2,No,No,0
30,No Record,Middle Income,6,Yes,No,0
36,No Record,Middle Income,2,No,Yes,0
28,Yes,Middle Income,3,No,No,0
30,No Record,Low Income,2,No,No,0
34,No Record,Low Income,1,Yes,No,0
30,No Record,Middle Income,2,No,Yes,0
35,No Record,Middle Income,5,No Record,Yes,1
33,No Record,Middle Income,1,Yes,No,0
30,Yes,Low Income,2,Yes,No,0
36,No Record,Middle Income,4,No,No,0
31,No Record,Middle Income,2,Yes,No,0
28,Yes,Low Income,6,No,No,0
31,No Record,Low Income,1,No Record,No,1
30,No Record,Low Income,2,No,Yes,0
30,No Record,Middle Income,3,No Record,No,0
30,No Record,Low Income,2,No,No,0
30,No Record,Middle Income,6,No,No,0
30,No Record,Middle Income,3,No,No,0
34,No Record,Middle Income,3,Yes,Yes,0
34,No Record,Middle Income,3,No,No Record,0
29,No Record,Middle Income,2,Yes,Yes,0
30,No Record,Middle Income,5,Yes,Yes,0
30,No Record,Middle Income,6,Yes,Yes,0
30,No Record,Middle Income,6,Yes,Yes,0
27,No Record,Middle Income,5,Yes,Yes,0
30,No Record,Middle Income,3,No,No,0
30,No Record,Low Income,2,Yes,Yes,0
36,No,Middle Income,4,Yes,Yes,0
30,No Record,Middle Income,2,No,No,0
37,No Record,Low Income,1,Yes,No,0
29,No Record,Middle Income,3,Yes,Yes,0
28,Yes,Low Income,2,No,No,0
29,No Record,Low Income,4,Yes,Yes,0
29,No Record,Middle Income,4,No,Yes,0
34,No Record,Middle Income,2,No,No,0
30,No Record,Low Income,2,No,No,0
29,No Record,Middle Income,3,Yes,No,0
34,No Record,Middle Income,3,No,No,0
31,No Record,Middle Income,4,No,No,0
30,No Record,Middle Income,3,No,No,0
31,No Record,Middle Income,3,No,No,0
37,Yes,Middle Income,3,No,No,0
30,No Record,Middle Income,2,No,No,0
28,No Record,Low Income,1,Yes,No,0
31,No Record,Middle Income,4,No,No,0
30,No Record,Middle Income,3,No,Yes,0
30,No Record,Low Income,4,No,Yes,0
31,No Record,Middle Income,1,No,No,0
29,Yes,Middle Income,5,No,Yes,0
38,No Record,Low Income,1,No,No,0
30,No Record,Low Income,1,No,Yes,0
37,Yes,Middle Income,4,No,Yes,0
31,No Record,Low Income,1,No,No,0
30,No Record,Low Income,2,No,No,0
34,No Record,Middle Income,6,Yes,No,0
38,No Record,Middle Income,3,Yes,No,0
34,Yes,Low Income,6,No,No,0
31,No Record,Middle Income,4,No,Yes,0
28,No Record,Middle Income,3,No,Yes,0
27,No Record,Middle Income,1,No,Yes,0
31,No Record,Middle Income,2,No,No,0
36,No Record,Middle Income,4,No Record,No,0
38,No Record,Middle Income,1,No,No,0
30,No Record,Middle Income,3,No,Yes,0
30,No Record,Low Income,1,No,No,0
33,No Record,Middle Income,1,No,Yes,0
34,Yes,Low Income,3,No,No,0
31,No Record,Middle Income,4,Yes,No,0
37,No,Middle Income,3,Yes,Yes,0
29,No Record,Middle Income,2,Yes,No,0
29,No Record,Middle Income,1,Yes,Yes,0
37,No Record,Middle Income,1,No,Yes,0
31,No Record,Middle Income,5,Yes,Yes,0
37,No Record,Middle Income,3,No,No,0
28,No Record,Middle Income,3,Yes,No,0
31,No Record,Middle Income,1,No,Yes,0
30,No Record,Low Income,1,No,Yes,0
36,No Record,Low Income,1,No,Yes,0
31,No Record,High Income,1,Yes,No,0
37,Yes,Low Income,2,No,No,0
37,No Record,Middle Income,3,Yes,No,0
28,No Record,Middle Income,5,No,No,1
34,Yes,Middle Income,2,No,No,0
34,No Record,Middle Income,3,No,Yes,0
30,No Record,Low Income,3,No,No,0
37,No Record,Middle Income,2,Yes,No,0
37,No Record,Middle Income,2,Yes,No,1
30,No Record,Middle Income,5,No,No,0
34,No Record,Middle Income,2,No,No,0
27,No Record,Low Income,1,No,No,0
34,No Record,Middle Income,2,No,Yes,0
36,No Record,Middle Income,3,Yes,No,0
37,No Record,Middle Income,4,Yes,No,0
37,No Record,Low Income,3,Yes,No,0
27,No Record,Low Income,2,Yes,No,0
37,No Record,Middle Income,2,No Record,Yes,0
31,No Record,Middle Income,2,No,No,0
37,No Record,Middle Income,5,No,No,0
31,No Record,Middle Income,2,No,Yes,0
31,No Record,Middle Income,2,No Record,No,0
37,No Record,Middle Income,3,No,Yes,0
31,No Record,Middle Income,2,Yes,No,0
37,No Record,Middle Income,3,Yes,No,0
37,No Record,Middle Income,3,No,No,0
30,No Record,Middle Income,1,No,No,0
27,No Record,Middle Income,2,No,No,0
29,Yes,Middle Income,4,No Record,No,0
37,No Record,Low Income,2,No,No,0
36,No Record,Middle Income,1,No,Yes,0
35,No Record,Low Income,2,No,Yes,0
31,No Record,Low Income,2,Yes,Yes,0
37,Yes,Low Income,1,Yes,No,0
27,Yes,Low Income,1,No,No,0
31,No Record,Low Income,3,No,No,0
30,No Record,Middle Income,4,No,Yes,0
34,Yes,Low Income,2,Yes,No Record,0
34,Yes,Low Income,6,Yes,No,0
35,Yes,Low Income,3,No,No,0
31,No Record,Middle Income,4,Yes,No,0
37,No,Low Income,3,Yes,Yes,0
30,No Record,Low Income,1,No,No,0
37,No Record,Low Income,1,No,No,0
30,No,Low Income,2,Yes,No,0
37,Yes,Low Income,1,No,No,0
29,Yes,Middle Income,4,Yes,No,0
34,No Record,Middle Income,2,No,No,0
36,No Record,Middle Income,1,Yes,No,0
30,No Record,Middle Income,2,No,Yes,0
37,No Record,Middle Income,0,No,No,0
31,No Record,Middle Income,1,No,No,0
28,No,Low Income,1,Yes,Yes,0
37,No Record,Middle Income,2,No,Yes,0
37,No Record,Low Income,1,Yes,No Record,0
34,No Record,Middle Income,4,No,No,0
34,No,Middle Income,1,Yes,No,0
30,No Record,Middle Income,1,No,No,1
30,No Record,Middle Income,1,Yes,No,0
30,No Record,Middle Income,1,No,No,0
27,No Record,Low Income,5,No,No,0
35,No Record,Middle Income,1,No,Yes,0
34,No Record,High Income,4,No,No,0
31,No Record,Middle Income,2,No,Yes,1
27,Yes,Middle Income,6,No,No,0
34,No Record,Low Income,4,No Record,Yes,0
34,No Record,Middle Income,2,No,No,0
29,Yes,Low Income,1,No,Yes,0
36,No Record,Middle Income,3,No,Yes,0
37,No Record,Middle Income,4,No,No,0
31,Yes,Low Income,2,No Record,No,0
28,No Record,Middle Income,3,No,No,0
28,No Record,Low Income,4,Yes,Yes,0
34,No Record,Middle Income,2,No,No,0
36,No Record,Low Income,1,Yes,No,0
28,No Record,Middle Income,1,No,No,0
30,Yes,Low Income,1,No,No,0
31,No,Middle Income,3,No,No,0
31,No Record,Middle Income,2,No,Yes,0
34,No Record,Middle Income,1,No,No,0
28,Yes,High Income,1,No,Yes,1
34,No Record,Middle Income,2,No,Yes,0
31,No Record,Middle Income,1,No,Yes,0
34,No Record,Middle Income,2,Yes,No,0
34,No Record,Middle Income,6,No,No,0
28,No Record,Middle Income,2,Yes,No,0
27,No Record,Middle Income,2,Yes,No,0
37,No Record,Middle Income,2,No,No,0
30,Yes,Low Income,6,Yes,No,0
37,No Record,Low Income,1,No,No,0
31,No Record,Low Income,2,No,No,0
36,No Record,Middle Income,2,No,Yes,0
29,No Record,Middle Income,3,No,No,0
34,No Record,Low Income,1,Yes,No,0
28,No Record,Low Income,3,No,No,0
34,No Record,High Income,4,Yes,No,0
34,No Record,Middle Income,1,No,No,0
28,No Record,Middle Income,1,No,Yes,0
29,No Record,Middle Income,4,No,No,0
36,No Record,Low Income,4,Yes,Yes,0
38,No Record,Middle Income,1,No Record,Yes,0
37,No Record,Middle Income,6,No,No,0
37,Yes,Low Income,1,Yes,No,0
34,Yes,Low Income,5,Yes,No,0
30,Yes,Low Income,2,No,No,0
27,No Record,Low Income,3,No,No,0
37,No Record,Low Income,3,No,No,0
37,No Record,Low Income,1,Yes,Yes,0
28,No Record,Middle Income,4,No,No,0
35,No Record,Low Income,1,No,No,0
28,No,Low Income,1,No,Yes,0
39,No Record,Low Income,1,Yes,No,0
28,No Record,Middle Income,3,No,No,0
30,No Record,Low Income,1,No,Yes,1
37,Yes,Middle Income,2,No,No,1
27,No Record,Middle Income,2,No,Yes,0
30,Yes,Low Income,1,Yes,No,0
36,No Record,Middle Income,1,No,Yes,0
37,Yes,Middle Income,6,No Record,No,0
30,No Record,Low Income,1,No,No,0
31,No Record,Middle Income,4,Yes,No,0
30,No Record,Low Income,4,No,Yes,0
31,No Record,Low Income,1,Yes,No,0
30,No Record,Low Income,5,Yes,Yes,0
30,No Record,Middle Income,4,Yes,Yes,0
30,No Record,Middle Income,4,No,No,1
27,No Record,Middle Income,1,No,No,0
30,No Record,Middle Income,1,No,No,0
29,No Record,Low Income,2,Yes,No,0
36,No Record,Middle Income,1,Yes,Yes,0
31,No Record,Middle Income,4,No,No,0
28,No Record,Middle Income,3,Yes,No,0
37,No Record,Middle Income,4,Yes,Yes,0
35,No Record,Middle Income,2,No,Yes,0
29,No Record,Low Income,1,No,No,0
34,No Record,Middle Income,2,No,No,0
30,No Record,Middle Income,4,No,No,0
34,No Record,Low Income,2,No,No,0
28,No Record,Middle Income,2,No,No,0
30,No Record,Middle Income,3,No,Yes,0
33,No Record,Middle Income,4,No,No,0
28,No Record,Low Income,1,No,Yes,0
35,No Record,Middle Income,5,Yes,Yes,0
30,No Record,Low Income,1,Yes,No,0
35,No Record,Middle Income,1,Yes,No,0
29,No Record,Low Income,1,No,No,0
37,No,Middle Income,2,Yes,No,0
27,No Record,Low Income,4,No,No,1
37,No,Middle Income,2,Yes,No,0
31,No Record,Middle Income,5,Yes,Yes,0
27,No Record,Middle Income,3,No,No,0
30,No Record,Middle Income,3,No,Yes,0
34,No Record,Middle Income,4,Yes,No,0
37,Yes,Low Income,2,No,Yes,0
37,No Record,Low Income,2,No,No,0
38,No Record,Low Income,1,Yes,No,0
30,No Record,Middle Income,1,No,No Record,0
37,No Record,Middle Income,1,No,No Record,0
33,No Record,Middle Income,1,Yes,No,0
33,Yes,Low Income,1,No,Yes,0
31,No,Low Income,1,Yes,Yes,1
37,No Record,Middle Income,6,No,Yes,0
36,No,High Income,1,No,Yes,0
35,No Record,Middle Income,2,Yes,No,0
30,No Record,Low Income,3,No,Yes,1
31,No Record,Middle Income,1,Yes,No,0
29,No Record,Middle Income,3,Yes,No,0
29,No Record,Middle Income,1,No,No,0
37,No,Middle Income,2,No,No,0
27,Yes,Middle Income,3,No,No,0
37,No Record,Middle Income,2,Yes,No Record,0
30,Yes,Middle Income,2,No,No,0
37,Yes,Low Income,1,Yes,No,0
30,No Record,Low Income,2,No,No,0
31,No Record,Middle Income,1,No,No,0
30,No Record,Middle Income,2,Yes,No,0
37,No Record,Middle Income,3,Yes,No,0
29,Yes,Middle Income,4,No,No,0
34,No,Low Income,3,No,No,0
34,No Record,Low Income,1,No,No,0
30,No Record,Middle Income,6,No Record,Yes,0
30,No Record,Low Income,1,Yes,No,0
34,No Record,Middle Income,4,No,Yes,0
37,No Record,Middle Income,2,No,No,0
30,No Record,Low Income,3,No,No Record,0
34,No Record,Middle Income,2,Yes,No,0
31,No,Low Income,1,Yes,No,0
30,No Record,Middle Income,2,Yes,No,0
37,No Record,Middle Income,2,Yes,No,0
37,Yes,Middle Income,4,No,No Record,0
34,No Record,Middle Income,5,No,No,1
28,Yes,Low Income,3,No,No,0
27,Yes,Low Income,1,Yes,Yes,0
31,No Record,Middle Income,1,No,No,1
34,No Record,Low Income,4,No,Yes,1
28,No Record,Middle Income,1,No,No,0
30,No Record,Middle Income,1,No,No,0
28,Yes,Low Income,6,Yes,No,0
28,No Record,Middle Income,5,No,No,0
34,Yes,Middle Income,2,No,No,0
29,No Record,Middle Income,1,Yes,No,0
34,No,High Income,4,No,Yes,0
38,No Record,Low Income,1,No,Yes,0
30,No Record,Low Income,2,Yes,No,0
30,No Record,Middle Income,1,No,Yes,0
37,No Record,Middle Income,1,No Record,Yes,0
30,No Record,Middle Income,3,No,Yes,0
34,No Record,Low Income,1,No,Yes,1
36,No Record,Middle Income,1,Yes,No,0
37,No Record,Low Income,1,Yes,No,0
30,No,Middle Income,4,No,No,0
29,No Record,Low Income,1,No Record,Yes,0
34,No Record,Middle Income,1,Yes,Yes,0
38,No Record,Middle Income,1,No,Yes,0
28,No Record,Middle Income,3,Yes,No,0
34,No Record,Middle Income,1,No,Yes,0
30,Yes,Low Income,5,No,No,0
37,No Record,Middle Income,1,No Record,No,0
35,No Record,Middle Income,3,No,Yes,0
29,No Record,Low Income,2,No,Yes,0
34,No Record,Middle Income,2,Yes,No,0
37,No Record,Low Income,1,Yes,No,0
37,No Record,Middle Income,3,No,No,0
37,No Record,Middle Income,3,Yes,Yes,0
33,No Record,Middle Income,2,No,Yes,0
27,Yes,Middle Income,1,No,No,0
30,Yes,Middle Income,4,No,No,0
34,Yes,Low Income,1,No,Yes,0
37,Yes,Low Income,1,No,Yes,0
31,No Record,Middle Income,4,No,No,0
37,No Record,Middle Income,3,No,No,0
29,No Record,Middle Income,2,No,Yes,0
37,No Record,Middle Income,1,Yes,Yes,0
30,No Record,Middle Income,4,No,Yes,0
38,Yes,Low Income,3,Yes,No,1
29,No Record,Middle Income,3,Yes,Yes,0
33,No Record,Middle Income,1,Yes,No,0
30,No Record,Low Income,1,Yes,No,0
36,No Record,Low Income,2,Yes,No,0
35,No Record,Middle Income,2,Yes,No,0
34,Yes,Middle Income,4,No,Yes,0
37,No Record,Middle Income,4,No,Yes,0
36,No Record,Low Income,1,Yes,No,0
27,No Record,Middle Income,2,No,No,0
28,No Record,Middle Income,3,No,No,0
31,No Record,Middle Income,5,No,No,0
34,Yes,Middle Income,3,No,No,0
28,No Record,Middle Income,1,No,No,0
27,No Record,Middle Income,6,No,Yes,0
35,Yes,Middle Income,1,Yes,No Record,0
30,Yes,Middle Income,1,No,No Record,0
37,No Record,Middle Income,5,Yes,No,0
34,No Record,Middle Income,1,No,No,0
27,No Record,Middle Income,3,No,No,0
31,No Record,Middle Income,1,No,No,0
30,No Record,Middle Income,3,Yes,Yes,0
34,No Record,Middle Income,3,No,No,0
30,No Record,Middle Income,5,No Record,No,0
34,No Record,Middle Income,4,No,No,0
30,No Record,Low Income,3,No,No,1
28,No Record,Low Income,2,No,No,0
33,Yes,Middle Income,1,No,No Record,0
27,No Record,Middle Income,1,No,Yes,0
31,No Record,Middle Income,2,Yes,No,0
27,No Record,Middle Income,2,No,No Record,0
31,Yes,Middle Income,0,No,Yes,0
27,No Record,Middle Income,1,Yes,No,0
28,No Record,Middle Income,5,No,Yes,0
37,Yes,Middle Income,2,No,No Record,0
37,No Record,Middle Income,1,No,Yes,0
30,No Record,Low Income,2,No,No,0
28,No Record,Middle Income,4,Yes,No,0
37,No Record,Low Income,4,No,Yes,0
31,No Record,Middle Income,4,No,No,0
27,No Record,Middle Income,2,No,No,0
28,Yes,Low Income,1,No,No,0
37,No Record,Middle Income,3,No,Yes,0
27,No Record,Middle Income,3,Yes,Yes,0
30,No Record,Middle Income,2,No,No,0
36,Yes,Low Income,1,No,Yes,0
37,Yes,Middle Income,4,No Record,No,0
37,No Record,Middle Income,3,No,Yes,0
30,No Record,Middle Income,1,Yes,No,0
30,Yes,Low Income,1,No,No,0
30,Yes,Low Income,1,No,No,0
34,No Record,Middle Income,1,No,No,0
34,Yes,Middle Income,3,No,No Record,0
31,No Record,Middle Income,4,No,No,0
30,No Record,Middle Income,2,Yes,Yes,0
37,No Record,Middle Income,2,No,Yes,1
38,No Record,Low Income,1,Yes,No,0
34,No Record,Middle Income,6,Yes,No,0
34,Yes,Middle Income,3,No,Yes,0
28,No Record,Middle Income,1,No,Yes,0
38,No Record,Middle Income,2,Yes,No,0
31,No Record,Middle Income,1,No,No Record,0
28,No Record,Middle Income,3,No,Yes,0
30,No Record,Middle Income,1,Yes,No,0
30,No Record,Middle Income,1,No,No,0
30,No Record,Middle Income,4,Yes,No,0
37,No Record,Middle Income,1,Yes,No,0
34,No Record,Middle Income,3,No,Yes,0
34,No Record,Middle Income,1,No,No,0
30,No Record,Middle Income,2,No,Yes,0
37,No Record,Middle Income,2,Yes,Yes,0
30,No Record,Middle Income,3,Yes,Yes,0
30,No Record,Low Income,5,No,No,0
34,No Record,Middle Income,1,No,No,0
36,Yes,Low Income,3,Yes,No,0
36,No Record,Low Income,2,Yes,Yes,0
36,No Record,Low Income,1,Yes,No,0
33,No Record,Middle Income,5,No,No,0
27,Yes,Low Income,2,No,No,0
38,No Record,Low Income,1,No,Yes,0
36,No Record,Low Income,1,Yes,No,1
30,No Record,Middle Income,3,No,No,0
34,No Record,Low Income,1,No,Yes,0
30,No Record,Middle Income,2,No Record,Yes,1
36,No Record,Middle Income,2,Yes,No,0
30,No Record,Middle Income,1,Yes,No,0
34,No Record,Middle Income,1,Yes,No,0
38,No Record,Low Income,1,No,No,0
27,Yes,Middle Income,1,Yes,No,0
37,No Record,Middle Income,5,No,Yes,0
31,No Record,Middle Income,3,No,No,0
37,No Record,Middle Income,1,No,No,0
30,No Record,Low Income,1,No,Yes,0
31,No Record,Middle Income,1,No,No,0
30,No Record,Middle Income,6,No,No,0
35,Yes,Middle Income,1,No,No Record,0
28,No Record,Low Income,2,Yes,No,0
29,No Record,Middle Income,3,Yes,No,0
30,No,Low Income,1,No,No,0
37,No Record,Middle Income,4,No,Yes,0
29,No Record,Middle Income,4,Yes,No,0
30,No Record,Middle Income,5,No,No,0
31,No Record,Middle Income,5,Yes,Yes,0
30,No Record,High Income,4,No,Yes,0
36,No Record,Middle Income,1,No,No,0
34,No Record,Middle Income,4,Yes,No,0
28,Yes,Middle Income,4,No Record,No,0
30,No Record,Middle Income,5,No,Yes,0
37,No Record,Middle Income,2,Yes,Yes,0
30,No Record,Middle Income,2,No,Yes,0
27,No Record,Middle Income,2,No,Yes,0
30,No,Middle Income,3,No,Yes,0
31,No Record,Middle Income,1,No Record,No,0
31,No Record,Middle Income,4,No,No,0
29,No,Middle Income,6,No,No,0
35,No,Middle Income,3,No,Yes,0
28,No Record,Middle Income,4,No,Yes,0
30,No Record,Middle Income,6,Yes,No,0
30,Yes,Low Income,4,No,No,0
29,No Record,Middle Income,1,No Record,Yes,0
28,Yes,Middle Income,3,No,No,0
37,No Record,Middle Income,1,Yes,Yes,0
37,No Record,Middle Income,1,No,Yes,0
37,No Record,Low Income,4,No,No,0
30,No Record,Middle Income,1,No,No,0
30,No Record,Low Income,1,No,Yes,0
37,Yes,Middle Income,3,No Record,No,0
34,No Record,Middle Income,1,No,No,0
31,No Record,Middle Income,4,No,No,0
37,No Record,Middle Income,2,No,Yes,0
30,No Record,Middle Income,1,No,Yes,0
30,No,Middle Income,2,No,No,1
35,No Record,Middle Income,2,Yes,Yes,0
31,No Record,Middle Income,2,No,No,0
27,No Record,Low Income,1,No,No,0
37,No Record,Middle Income,2,No,No,0
30,No Record,Low Income,1,Yes,No,0
34,No Record,Low Income,1,No,Yes,0
31,No Record,Middle Income,1,No,Yes,0
36,No Record,Middle Income,2,Yes,No,0
30,No,Low Income,4,No,Yes,0
30,No Record,Middle Income,6,Yes,No,0
27,No Record,Middle Income,2,No,No,0
37,Yes,Middle Income,3,Yes,Yes,0
30,No Record,Middle Income,4,Yes,No,0
30,No Record,Middle Income,2,Yes,No,0
30,No Record,Low Income,3,No,No,0
27,No Record,Middle Income,2,No,No,0
30,No Record,Middle Income,2,No,No,0
30,No Record,Low Income,1,No,Yes,0
37,No Record,Middle Income,3,Yes,No,0
30,Yes,Low Income,2,Yes,No,0
37,No Record,Low Income,2,No,No,0
30,No Record,Middle Income,1,No Record,No,0
37,No Record,Middle Income,4,Yes,No,0
27,No Record,Middle Income,2,No,Yes,0
34,No Record,Low Income,5,No,No,0
30,No Record,Middle Income,1,Yes,Yes,0
27,No Record,Low Income,1,No,Yes,0
36,Yes,Middle Income,1,No,No,0
31,No Record,Middle Income,2,No,No,0
35,No Record,Middle Income,2,Yes,No,0
37,No Record,Middle Income,3,No,No,0
37,No Record,Middle Income,3,No,No,0
34,Yes,Middle Income,3,No,No,0
28,Yes,Low Income,3,No Record,Yes,0
37,No,Low Income,1,No,Yes,0
37,No Record,Middle Income,5,Yes,Yes,0
30,No Record,Middle Income,1,No,Yes,0
30,No Record,High Income,3,Yes,Yes,1
28,Yes,Middle Income,3,Yes,No,0
28,No Record,Middle Income,2,Yes,No,0
31,No Record,Middle Income,1,No,Yes,0
30,No Record,Low Income,1,No Record,No,0
37,No Record,Middle Income,2,No,No,0
34,No Record,Middle Income,5,No,Yes,0
30,No Record,Middle Income,2,No,No,1
31,No Record,Low Income,2,Yes,Yes,1
31,No Record,Low Income,1,Yes,Yes,0
31,No Record,Low Income,3,No,No,0
29,No Record,Low Income,1,No,Yes,0
28,No,Low Income,2,No,No,0
31,No Record,Low Income,1,No,Yes,0
27,No Record,Low Income,3,No,Yes,1
34,No Record,High Income,3,No Record,No,0
30,No Record,Middle Income,2,No,No,0
37,No Record,Middle Income,2,No,Yes,0
34,No Record,Middle Income,3,Yes,Yes,0
28,No Record,Middle Income,3,No,No,0
31,No Record,Middle Income,6,No,Yes,0
34,No Record,Middle Income,2,No,Yes,0
37,No Record,Middle Income,1,Yes,No,0
34,No Record,Low Income,1,No,No,0
27,No Record,Middle Income,2,No,Yes,0
37,No Record,Low Income,1,Yes,No,0
34,No Record,Middle Income,4,Yes,No,0
28,No Record,Low Income,2,Yes,No,0
37,No Record,Low Income,2,Yes,No,0
36,No Record,Low Income,3,No,Yes,0
28,No Record,Middle Income,2,No,Yes,0
37,No Record,Middle Income,6,Yes,Yes,0
30,Yes,Low Income,1,Yes,No Record,0
35,No Record,Middle Income,2,No,No,0
33,No Record,Middle Income,4,No,No,0
30,Yes,High Income,3,No,Yes,0
34,No Record,High Income,1,Yes,No,0
30,No Record,Middle Income,1,No,Yes,0
30,No Record,Middle Income,5,No,Yes,0
30,No Record,Low Income,1,No,Yes,0
37,No Record,Low Income,4,Yes,No,0
37,No Record,Low Income,1,Yes,No,0
37,No Record,Low Income,2,No,Yes,0
29,No Record,Middle Income,2,No,No,0
37,No Record,Middle Income,4,Yes,No,0
27,No Record,Middle Income,1,No Record,No,0
37,No Record,Middle Income,4,No,No,0
30,No Record,Low Income,6,No,No,0
28,No Record,Low Income,1,Yes,No,0
28,No Record,High Income,2,No,Yes,0
34,No Record,Middle Income,3,No,Yes,0
27,No Record,High Income,1,No,Yes,0
36,No Record,Middle Income,1,Yes,Yes,0
31,No Record,Middle Income,3,No,No,0
37,No Record,Middle Income,1,No,Yes,0
29,Yes,Middle Income,1,Yes,Yes,0
30,No,Middle Income,6,Yes,No,0
34,No Record,Middle Income,3,Yes,No,0
28,No Record,Middle Income,1,No,No,0
30,No Record,Middle Income,2,Yes,No,0
34,No Record,Low Income,1,Yes,No,0
37,No Record,Middle Income,1,No,Yes,0
29,No Record,Low Income,2,No,No,0
34,Yes,Low Income,1,No,No,0
27,No Record,Middle Income,2,No Record,Yes,0
31,No Record,Low Income,1,No,No,0
33,No Record,High Income,1,Yes,Yes,1
35,No Record,Middle Income,2,No,No,0
34,No Record,Low Income,5,Yes,No,1
28,No Record,Middle Income,3,No,Yes,0
35,No Record,Low Income,5,Yes,Yes,0
34,Yes,High Income,1,No,No,1
27,No Record,Low Income,1,No,Yes,0
36,No Record,Low Income,1,No,No,0
34,No,Low Income,2,Yes,No,1
34,No Record,High Income,1,Yes,Yes,0
34,No Record,Low Income,6,No,No,0
28,Yes,Middle Income,1,No Record,No,0
27,No Record,Middle Income,2,No,No,0
29,No Record,Middle Income,2,No,No Record,0
30,No Record,High Income,2,Yes,No,0
37,No Record,Middle Income,4,No,No,0
30,Yes,Low Income,2,No Record,No,0
37,No Record,Middle Income,4,No Record,No,0
37,No,Middle Income,3,No,Yes,0
30,No Record,Middle Income,2,No,No,0
30,No Record,Middle Income,5,Yes,Yes,0
34,No Record,Low Income,3,Yes,No Record,0
27,No Record,Middle Income,1,No,No Record,0
28,No Record,Middle Income,6,No,No,0
31,No Record,Middle Income,3,No,No,0
34,No Record,Middle Income,5,No,No,0
34,No Record,Middle Income,2,Yes,No,0
30,No Record,Middle Income,5,Yes,No Record,0
33,Yes,Middle Income,3,Yes,No,0
37,No Record,Middle Income,5,Yes,No,0
28,Yes,Middle Income,4,Yes,No,0
38,No,Low Income,1,No,Yes,0
37,No Record,Middle Income,2,No,No,0
31,Yes,Middle Income,1,No,No,0
31,No Record,Middle Income,2,No,No,0
27,Yes,Middle Income,5,No,Yes,0
28,No Record,Middle Income,3,No,Yes,0
37,No Record,Middle Income,2,No Record,No,0
29,Yes,Middle Income,1,No,No Record,0
34,No Record,Middle Income,2,Yes,No,0
33,No Record,Middle Income,2,No Record,No,0
37,No Record,Low Income,4,Yes,No,0
36,No Record,Middle Income,1,No Record,No,0
30,No Record,Middle Income,1,No,Yes,0
29,No Record,Middle Income,2,No,No,0
29,No Record,Low Income,1,Yes,Yes,0
29,No Record,Middle Income,4,No,Yes,0
29,Yes,Middle Income,3,No,No,0
30,No Record,Middle Income,2,Yes,No,0
30,No Record,Middle Income,1,No,No,0
37,No Record,Middle Income,3,No,No,0
30,No Record,Middle Income,2,Yes,No,0
31,No Record,Middle Income,1,Yes,No,0
30,No Record,Middle Income,2,Yes,No,0
37,No Record,Middle Income,2,Yes,No,0
30,No Record,Middle Income,3,No,No,0
36,No Record,Middle Income,2,Yes,No,0
37,No Record,Low Income,2,No,Yes,0
30,No,Middle Income,2,No Record,Yes,0
30,No Record,Middle Income,1,No,No Record,0
36,No Record,Middle Income,6,No,Yes,0
30,Yes,High Income,2,Yes,Yes,1
34,No Record,Middle Income,2,Yes,No,0
30,No Record,Low Income,1,Yes,No,0
37,No Record,Middle Income,1,Yes,No,0
39,No Record,Middle Income,5,No,No Record,0
30,No Record,Middle Income,3,No,Yes,0
38,Yes,Middle Income,1,No,yes,0
30,No Record,Middle Income,3,No,Yes,0
31,No Record,Middle Income,1,Yes,No Record,0
31,No Record,Low Income,1,No,Yes,0
29,No Record,Middle Income,1,Yes,No Record,0
30,No Record,Middle Income,4,No,No,0
28,No Record,Low Income,1,Yes,Yes,0
35,No Record,Middle Income,2,No,No,0
36,No Record,Middle Income,5,No,No,0
33,No Record,Middle Income,3,No,No,1
30,No Record,Middle Income,1,No,Yes,0
30,No Record,Middle Income,5,Yes,No,0
37,No Record,High Income,5,Yes,No,0
34,No Record,Middle Income,1,Yes,No,0
35,No Record,Middle Income,6,No,No,0
30,No Record,Middle Income,3,No,No,0
36,No Record,Middle Income,2,Yes,No,1
35,No Record,Middle Income,2,No,Yes,0
34,No Record,Low Income,1,No,Yes,0
38,No Record,Middle Income,3,No,No,0
36,No Record,Middle Income,1,No,No Record,0
30,No Record,Middle Income,1,No,Yes,0
38,No Record,Middle Income,4,Yes,No,0
28,No Record,Middle Income,2,Yes,No,0
34,No Record,Middle Income,2,Yes,No,0
30,No Record,Middle Income,4,No,Yes,0
34,No Record,Middle Income,4,No Record,No,0
30,No Record,Middle Income,2,Yes,Yes,0
31,Yes,Low Income,4,No,No,0
33,No Record,Middle Income,1,No,No,0
30,No Record,Middle Income,1,No,Yes,0
31,No Record,Middle Income,6,No,No,0
37,No Record,Middle Income,1,No,No,0
34,No Record,Middle Income,1,Yes,Yes,0
37,Yes,Middle Income,6,Yes,No,0
30,No Record,Middle Income,2,No,No,0
37,No Record,Low Income,2,No,Yes,0
29,No Record,Middle Income,2,Yes,No,0
33,No Record,Middle Income,3,Yes,No,0
30,No Record,Middle Income,2,No,No,0
29,No Record,High Income,2,No,Yes,0
38,No Record,Middle Income,1,No,Yes,0
27,No Record,Middle Income,4,Yes,No,0
30,No Record,Low Income,2,No,No,0
36,No Record,Low Income,1,Yes,Yes,0
28,No Record,Middle Income,2,No,No,0
30,No Record,Middle Income,3,No Record,No,0
27,No Record,Middle Income,4,No,Yes,0
28,No Record,Middle Income,3,Yes,No,0
34,No Record,Middle Income,1,No Record,Yes,0
38,No Record,Low Income,2,Yes,Yes,0
35,No Record,Middle Income,3,No,No,0
30,Yes,Low Income,1,No,No,0
37,No Record,Middle Income,1,No Record,No,0
30,No Record,Low Income,4,No,No,0
37,No Record,Middle Income,2,Yes,No,0
37,No Record,Middle Income,1,No,Yes,0
29,Yes,Middle Income,3,Yes,No,0
